fldb_vessel_id,fldb_mmsi,fldb_vessel_name,fldb_imo,callsign,date_range_end,forced_labor_indicator,source_id,source_media_id,brief_narrative,source_1,source_2,source_3,source_4,source_5
1,567000421,Seribu / Ceribu,,HSB4907,2016-01-26,Isolation | Restriction of movement,1,bangkokpost,"In January 2016, Thai authorities charged three managers of six tuna trawlers, including the Thai tuna trawler Seribu, for fishing in foreign waters without permission from CCIF which violates an NCPO order, as well as violating the Royal Ordinance on Fisheries. They had been fishing in the Indian Ocean without license at the time of arrest. All six vessels are being investigated for human trafficking, but no details specific to Seribu were provided.",https://www.bangkokpost.com/print/838864/,http://www.thaiembassy.org/warsaw/en/information/65449-Thailands-Fisheries-Reform-Progress.html,,,
2,567025800,Mook Andaman 018,8113762,HSB2691,2016-01-26,Abuse of vulnerability | Isolation | Restriction of movement | Excessive overtime | Witholding of wages,1,bangkokpost,"Thanongsak Raksawong, manager of Siam Tuna Fishery Co, was arrested in January 2016 for operating fishing vessels in foreign waters without permission from CCIF, thus violating an NCPO order as well as violating the Royal Ordinance on Fisheries. He was one of three managers operating six tuna trawlers that were arrested for fishing in the Indian Ocean without license. Raksawong was also sentenced for human rights violations, charged with targeting vulnerable migrant workers who lacked work permits, denying them a copy of their employee contract, failing to pay for overtime, and denying compulsory rest hours.",https://www.bangkokpost.com/print/838864/,http://thaiembdc.org/2016/03/07/thailands-fisheries-reform/,http://www.mfa.go.th/main/en/news3/6886/89815-Thai-Court-Issued-a-Fine-of-over-223-Million-Thai.html,,
3,567026700,Mook Andaman 028,7930149,HSB2701,2016-01-26,Abuse of vulnerability | Isolation | Restriction of movement | Excessive overtime | Witholding of wages,1,bangkokpost,"Thanongsak Raksawong, manager of Siam Tuna Fishery Co, was arrested in January 2016 for operating fishing vessels in foreign waters without permission from CCIF, thus violating an NCPO order as well as violating the Royal Ordinance on Fisheries. He was one of three managers operating six tuna trawlers that were arrested for fishing in the Indian Ocean without license. Raksawong was also sentenced for human rights violations, charged with targeting vulnerable migrant workers who lacked work permits, denying them a copy of their employee contract, failing to pay for overtime, and denying compulsory rest hours.",https://www.bangkokpost.com/print/838864/,http://thaiembdc.org/2016/03/07/thailands-fisheries-reform/,http://www.mfa.go.th/main/en/news3/6886/89815-Thai-Court-Issued-a-Fine-of-over-223-Million-Thai.html,,
4,510084580,Yu Long 6,9265550,,2016-01-26,Isolation | Restriction of movement,1,bangkokpost,"Suwit Thepprasit, manager of of Sales Service (Thailand) Co, was arrested in January 2016 for operating three fishing vessels (Yu Long 6, Yu Long 025, and Hongsify 68) in foreign waters without permission from CCIF, thus violating an NCPO order as well as violating the Royal Ordinance on Fisheries. He was one of three managers operating six tuna trawlers, who were arrested for fishing in the Indian Ocean without license. All six vessels are being investigated for human trafficking, but no specific details were provided.",https://www.bangkokpost.com/print/838864/,https://es.scribd.com/document/334344418/Turn-the-Tide,http://thaiembdc.org/2016/03/07/thailands-fisheries-reform/,,
5,NA,Yu Long 125,8995445,,2016-01-26,Isolation | Restriction of movement,1,bangkokpost,"Suwit Thepprasit, manager of of Sales Service (Thailand) Co, was arrested in January 2016 for operating three fishing vessels (Yu Long 6, Yu Long 025, and Hongsify 68) in foreign waters without permission from CCIF, thus violating an NCPO order as well as violating the Royal Ordinance on Fisheries. He was one of three managers operating six tuna trawlers, who were arrested for fishing in the Indian Ocean without license. All six vessels are being investigated for human trafficking, but no specific details were provided.",https://www.bangkokpost.com/print/838864/,http://thaiembdc.org/2016/03/07/thailands-fisheries-reform/,,,
6,567000445,Hung Chi Fu 68 / Hongsify 68 / Hongsifu 68,,HSN5658,2016-01-30,Isolation | Restriction of movement,2,thaiembassy,"Suwit Thepprasit, manager of of Sales Service (Thailand) Co, was arrested in January 2016 for operating three fishing vessels (Yu Long 6, Yu Long 025, and Hongsify 68) in foreign waters without permission from CCIF, thus violating an NCPO order as well as violating the Royal Ordinance on Fisheries. He was one of three managers operating six tuna trawlers, who were arrested for fishing in the Indian Ocean without license. All six vessels are being investigated for human trafficking, but no specific details were provided.",http://www.thaiembassy.org/warsaw/en/information/65449-Thailands-Fisheries-Reform-Progress.html,https://www.bangkokpost.com/print/838864/,,,
17,567183000,Silver Sea 2,7727097,,2015-07-14,,5,greenpeace,,https://www.ap.org/explore/seafood-from-slaves/gallery.html,http://www.greenpeace.org/seasia/PageFiles/745330/Turn-The-Tide.pdf,,,
21,334640000,Blissful reefer,5296795,,2015-07-01,,5,greenpeace,,https://www.ap.org/explore/seafood-from-slaves/ap-investigation-prompts-new-round-of-slave-rescues.html,http://www.greenpeace.org/seasia/PageFiles/745330/Turn-The-Tide.pdf,https://modernfarmer.com/2018/01/can-satellite-surveillance-help-end-slavery-seafood-industry/,,
22,567046600,Silver Sea Line / Asian Marine Reefer 2,7804900,,2015-03-01,,6,greenpeace,,http://www.greenpeace.org/usa/wp-content/uploads/2015/11/Supply-chained.pdf?a1481f,,,,
23,567231000,Silver Sea Line 3 / Asian Marine Reefer,7637589,,2015-04-01,,5,greenpeace,,http://www.greenpeace.org/seasia/PageFiles/745330/Turn-The-Tide.pdf,,,,
24,567006700,Silver Sea 3 / Green Star,7006376,,2015-04-01,,5,greenpeace,,http://www.greenpeace.org/seasia/PageFiles/745330/Turn-The-Tide.pdf,https://modernfarmer.com/2018/01/can-satellite-surveillance-help-end-slavery-seafood-industry/,,,
39,720955000,Wisdom Sea Reefer / Renown Sea Reefer,7637527,,2016-01-01,,5,greenpeace,,http://www.greenpeace.org/seasia/PageFiles/745330/Turn-The-Tide.pdf,https://modernfarmer.com/2018/01/can-satellite-surveillance-help-end-slavery-seafood-industry/,,,
40,334667000,Precious 9,7811513,,2015-12-01,,5,greenpeace,,http://www.greenpeace.org/seasia/PageFiles/745330/Turn-The-Tide.pdf,https://modernfarmer.com/2018/01/can-satellite-surveillance-help-end-slavery-seafood-industry/,,,
41,567231000,Asian Marine Reefer / Sea Line 3,7637589,,2015-05-01,,5,greenpeace,,http://www.greenpeace.org/seasia/PageFiles/745330/Turn-The-Tide.pdf,https://modernfarmer.com/2018/01/can-satellite-surveillance-help-end-slavery-seafood-industry/,,,
42,567175000,Celtic Ice ,7727102,,2015-05-01,,5,greenpeace,,http://www.greenpeace.org/seasia/PageFiles/745330/Turn-The-Tide.pdf,https://modernfarmer.com/2018/01/can-satellite-surveillance-help-end-slavery-seafood-industry/,,,
43,334567000,Chainavee Reefer,7637591,,2015-05-01,,5,greenpeace,,http://www.greenpeace.org/seasia/PageFiles/745330/Turn-The-Tide.pdf,https://modernfarmer.com/2018/01/can-satellite-surveillance-help-end-slavery-seafood-industry/,http://www.iotc.org/sites/default/files/documents/2018/03/Dossier_for_FVs_Draft_IUU_Vessels_ListaE.pdf,,
44,567391000,Patsorn ,7713230,,2015-05-01,,5,greenpeace,,http://www.greenpeace.org/seasia/PageFiles/745330/Turn-The-Tide.pdf,https://modernfarmer.com/2018/01/can-satellite-surveillance-help-end-slavery-seafood-industry/,,,
45,567487000,Sea Network ,7637553,,2015-05-01,,5,greenpeace,,http://www.greenpeace.org/seasia/PageFiles/745330/Turn-The-Tide.pdf,https://modernfarmer.com/2018/01/can-satellite-surveillance-help-end-slavery-seafood-industry/,,,
47,567486000,K Goldensea ,7811501,,2015-04-01,,5,greenpeace,,http://www.greenpeace.org/seasia/PageFiles/745330/Turn-The-Tide.pdf,https://modernfarmer.com/2018/01/can-satellite-surveillance-help-end-slavery-seafood-industry/,,,
48,567492000,Marine One,7721067,,2015-04-01,,5,greenpeace,,http://www.greenpeace.org/seasia/PageFiles/745330/Turn-The-Tide.pdf,https://modernfarmer.com/2018/01/can-satellite-surveillance-help-end-slavery-seafood-industry/,,,
50,567451000,Seavic Aremar,6908993,,2015-04-01,,5,greenpeace,,http://www.greenpeace.org/seasia/PageFiles/745330/Turn-The-Tide.pdf,https://modernfarmer.com/2018/01/can-satellite-surveillance-help-end-slavery-seafood-industry/,,,
51,567004800,Seavic Prinses,7819034,,2015-04-01,,5,greenpeace,,http://www.greenpeace.org/seasia/PageFiles/745330/Turn-The-Tide.pdf,https://modernfarmer.com/2018/01/can-satellite-surveillance-help-end-slavery-seafood-industry/,,,
52,567476000,Seavic Reefer,7724186,,2015-04-01,,5,greenpeace,,http://www.greenpeace.org/seasia/PageFiles/745330/Turn-The-Tide.pdf,https://modernfarmer.com/2018/01/can-satellite-surveillance-help-end-slavery-seafood-industry/,,,
53,567188000,Serene Reefer ,7508336,,2015-04-01,,5,greenpeace,,http://www.greenpeace.org/seasia/PageFiles/745330/Turn-The-Tide.pdf,https://modernfarmer.com/2018/01/can-satellite-surveillance-help-end-slavery-seafood-industry/,,,
55,567536000,Sutti Reefer / S.Princesa,7713228,,2015-04-01,,5,greenpeace,,http://www.greenpeace.org/seasia/PageFiles/745330/Turn-The-Tide.pdf,https://modernfarmer.com/2018/01/can-satellite-surveillance-help-end-slavery-seafood-industry/,,,
56,567255000,S. Leelawadee,7637539,,2015-05-01,,5,greenpeace,,http://www.greenpeace.org/seasia/PageFiles/745330/Turn-The-Tide.pdf,https://modernfarmer.com/2018/01/can-satellite-surveillance-help-end-slavery-seafood-industry/,,,
57,567196000,Sirichai Reefer,8211837,,2015-05-01,,5,greenpeace,,http://www.greenpeace.org/seasia/PageFiles/745330/Turn-The-Tide.pdf,https://modernfarmer.com/2018/01/can-satellite-surveillance-help-end-slavery-seafood-industry/,,,
58,567293000,Missouri Reefer,7635878,,2015-05-01,,5,greenpeace,,http://www.greenpeace.org/seasia/PageFiles/745330/Turn-The-Tide.pdf,https://modernfarmer.com/2018/01/can-satellite-surveillance-help-end-slavery-seafood-industry/,,,
72,273526800,LegONaydenov / Oleg Naydenov,8607309,UCUC,2013-12-01,Isolation | Restriction of movement | Withholding of wages | Intimidation and threats,7,interpol,"Oleg Naydenov, a Russian trawler, was a repeat IUU fishing offender and had been detained or arrested multiple times. In December 2013, they were arrested in Dakar for illegally fishing in Senegal waters. Government officials who boarded the vessel alleged that workers were abused and their pay withheld as a means of controlling them. Workers were too frightened to leave the boat, both because of threat of physical abuse and witholding of wages. Oleg Naydenov later sunk in the seas of the Canary Islands due to a fire that started in the engine room in April of 2015.",https://www.interpol.int/en/Crimes/Environmental-crime/Fisheries-crime,,,,
79,576678000,Tunago 61 ,8996061,,2016-09-07,Abusive working and living conditions | Physical and sexual violence | Intimidation and threats | Restriction of movement | Excessive overtime | Retention of identity documents | Withholding of wages,8,ejf,"Taiwanese longliner Tunago no. 61 was again subject to allegations of abuse after six Indonesian crew members were arrested in Fiji for killing the Chinese captain, Xie Dingrong, on the night of September 7, 2016. The 28 person crew, consisting of Vietnamese, Filipino, and Indonesian fishermen, were subject to sleep deprivation, extreme physical abuse including beatings with sticks, verbal abuse, and threats by the captain up until the point of his murder. They were also subject to inhumane conditions including inadequate food, inappropriate food (Muslim crew forced to eat pork contrary to their faith), and 20-hour work days. Crew members had their pay witheld and their passports taken by the captain. The night before his death, the captain even threatened to kill one of the crew. However, this systematic abuse was considered only a mitigating factor - rather than a defence of provocation - in the trial of the 6 crewmen. They were sentenced to 18 years in prison. Please see notes section for details on previous offense.",https://www.greenpeace.org/new-zealand/publication/misery-at-sea/,https://ejfoundation.org//resources/downloads/report-all-at-sea_0_1.pdf,https://www.itfseafarers.org/files/extranet/-1/2259/humanrights.pdf,,
91,567000035,Chotchainavee 35,,012P,2017-05-02,Abusive working and living conditions | Isolation | Restriction of movement,10,fishiafrica,"Fishing vessel Chotchainavee 35 was one of seven vessels investigated by NY Times reported Ian Urbina referred to as the ""Somali Seven"". The fleet arrived in the Indian Ocean in January 2017, and were found to be illegally trawling within within 24 nautical miles of the coastline. The Chotchainavee 35 was detained in Thailand in May 2017 with concerns of forced labor. Cambodian and Thai fishermen were said to wish to escape due to poor living and working conditions, though no further details were provided specific to this vessel.",http://www.mfa.go.th/main/en/news3/6886/86308-The-prosecution-of-the-fishing-vessel-%E2%80%9CChotchainav.html,https://fish-i-africa.org/22-thai-crewmembers-await-repatriation-from-thai-owned-somali-seven-fishing-vessels/,,,
92,621000015,Chotpattana 51,,,2018-01-11,Abusive working and living conditions | Isolation | Restriction of movement,10,fishiafrica,,http://www.mfa.go.th/main/en/news3/6886/86308-The-prosecution-of-the-fishing-vessel-%E2%80%9CChotchainav.html,https://fish-i-africa.org/22-thai-crewmembers-await-repatriation-from-thai-owned-somali-seven-fishing-vessels/,,,
93,621000016,Chotpattana 55,,,2018-01-11,Abusive working and living conditions | Isolation | Restriction of movement,10,fishiafrica,,http://www.mfa.go.th/main/en/news3/6886/86308-The-prosecution-of-the-fishing-vessel-%E2%80%9CChotchainav.html,https://fish-i-africa.org/22-thai-crewmembers-await-repatriation-from-thai-owned-somali-seven-fishing-vessels/,,,
94,515844000,STS-50 / Sea Breeze / Andrey Dolgov / STD No. 2,8514772,,2018-04-01,Withholding of wages | Isolation | Restriction of movement,11,reuters,"The vessel STS-50 was seized by the Indonesian navy after using illegal gillnets streatching up to 18 mi to catch Antarctic toothfish, an important predator to the Southern Ocean ecosystem. Gillnetting has been illegal in the Antarctic since 2006 due to the significant possiility of bycatch. Interpol alterned Indonesia authorities to the IUU fishing on this vessel, and the fact that they had flown 8 different flags to elude authorities. At the time of capture there were 20 Indonesian and Russian crew. The Indonesian crew lacked documents, had been at sea a long time, and were owed pay.",http://complianceandethics.org/human-trafficking-in-the-supply-chain/,https://www.reuters.com/article/us-oceans-fishing-indonesia/the-one-that-got-away-indonesia-seizes-illegal-fishing-boat-with-30-km-nets-idUSKBN1HG0SB,,,
97,412420941,FV. Hua Li 8,8779774,,2016-04-22,Abusive working and living conditions,12,iom,"FV Hua Li 8 was pursued after they were detected illegally fishing within the EEZ of Argentina on January 29, 2016 but escaped. Interpol was contacted and an international arrest warrant issued. On April 22, 2016, they were apprehended by the Indonesian Navy. Upon interviewing the crew, it became apparent that they were using forced labor aboard the ship, did not meet safety navigation standards, and ignored several fisheries management and environmental protection measures.",https://www.iom.int/sites/default/files/country/docs/indonesia/Human-Trafficking-Forced-Labour-and-Fisheries-Crime-in-the-Indonesian-Fishing-Industry-IOM.pdf,http://en.mercopress.com/2016/04/30/south-atlantic-poacher-hua-li-8-arrested-by-indonesian-for-illegal-fishing,,,
99,412320012,Tai Hong No.1,,,2018-02-16,Abusive working and living conditions | Physical and sexual violence | ,14,stopillegalfishing,"Chinese-flagged longliners Tai Hong 1 and Jin Sheng 2 were arrested during a patrol by Tanzanian authorities in concert with NGO Sea Shepherd. Tai Hong 1 was found to have illegal shark fins on board, and upon further inspection there was also evidence of human labor abuse. 12 Tanzanian workers were found to face abusive living and working conditions, reporting that they had been denied adequate food and water and were forced to live in a small unventilated storage hut with only 2 bunks, so that the rest of the 12 had to sleep on the floor. General ""bad treatment and abuse"" were also reported. The vessel Jin Sheng 2 was part of a transhipment with the Tai Hong 1 and were also charged with mistreatment of workers.",https://stopillegalfishing.com/news-articles/crew-exploitation-uncovered-western-indian-ocean-fishing-fleet/,,,,
100,413270220,Jin Sheng No. 2,9020819,,2018-02-16,Abusive working and living conditions,14,stopillegalfishing,"Chinese-flagged longliners Tai Hong 1 and Jin Sheng 2 were arrested during a patrol by Tanzanian authorities in concert with NGO Sea Shepherd. Tai Hong 1 was found to have illegal shark fins on board, and upon further inspection there was also evidence of human labor abuse. 12 Tanzanian workers were found to face abusive living and working conditions, reporting that they had been denied adequate food and water and were forced to live in a small unventilated storage hut with only 2 bunks, so that the rest of the 12 had to sleep on the floor. General ""bad treatment and abuse"" were also reported. The vessel Jin Sheng 2 was part of a transhipment with the Tai Hong 1 and were also charged with mistreatment of workers.",https://stopillegalfishing.com/news-articles/crew-exploitation-uncovered-western-indian-ocean-fishing-fleet/,,,,
102,412201837,FV Shenghai 9,,,2017-02-03,Abusive working and living conditons | Isolation,15,seashepard,"40-m Chinese trawler, FV Shenghai 9, was arrested off the port of Monrovia and found to be in violation of 22 laws and regulations. The master of the vessel was unable to produce any documents (such as Certificate of Registry) and had no explanation for the possesion of the passport of a missing Chinese national. Chinese nationals were housed in cabins with AC while the African crew (mainly from Sierra Leone) were subjected to extremely unsanitary conditions, housed in cockaroach infested tents exposed to the elements on the top of the ship.",https://www.seashepherdglobal.org/latest-news/sea-shepherd-launches-operation-sola-stella-with-t/,,,,
107,441044000,Melilla 203 / Fortunui,8514930,,2017-04-20,Withholding of wages | Abusive working and living conditions | Physical and sexual violence | Excessive overtime | Restriction of movement,56,newshub,"Indonesian fisherman Ahmad Roji Turah reported exploitation aboard the Korean fishing vessel, Melila 203. Roji reports physical and sexual abuse, excessive overtime, and underpayment. In one instance, he was punished for falling asleep on the job by being forced to work in the freezer without warm clothing. If he or other crew members made a mistake, they were kicked or punched by their Korean supervisor. Those who went back to Indonesia faced unfairly high fines for breaking their contracts, and so Roji fears he may never be able to return home.",https://www.newshub.co.nz/home/new-zealand/2017/04/how-an-indonesian-fisherman-escaped-slavery-in-nz.html,,,,
116,367363390,Sea Queen II,8885494,,2016-09-23,Intimidation and threats | Withholding of wages | Retention of identity documents | Debt bondage | Restriction of movement | Physical and sexual violence,19,courthousenews,"Evidence provided by Indonesian fishermen Abdul Fatah and Sorihin displays blatant neglect for worker safety aboard the fishing vessel Sea Queen II. A fishing line nearly ripped Sorihin's finger off and the captain used a chopstick to set it straight. A winch cable snapped and bruised a disherman's shoulder and he was allowed only a two hour rest then put back to work while still badlyinjured. Like many slave ships, crew aboard the Sea Queen II kept the worker's documents from them as a means of forcing their continued labor. Fearing for their lives, Fatah and Sorihin were forced to break into the skipper's quarters while the Captain was gone, grab their passports and make a run for it while docked in San Francisco. They gained protective status but still feared going near Fisherman's Wharf where the Sea Queen II continued to unload (as of the writing of this article in September 2016).",https://www.courthousenews.com/fishermen-say-captain-enslaved-them-at-sea/,https://www.ap.org/explore/seafood-from-slaves/hawaiian-seafood-caught-foreign-crews-confined-boats.html,,,
117,NA,Knowledge,8956774,,2016-09-23,,19,courthousenews,,https://www.courthousenews.com/fishermen-say-captain-enslaved-them-at-sea/,,,,
118,416001769,Fu Tzu Chun / Fu Tsz Chiun / Maan Yih Chyuu No. 33,,,2015-09-01,Physical and sexual violence | Debt bondage | Abusive working and living conditions,20,greenpeace,"43 year old Indonesian fishing migrant worker Supriyanto, father of three, died due to physical abuse and appalling living and working conditions aboard the Indonesian fishing vessel Fu Tzu Chun (aka Fu Tsz Chiun). Evidence provided by local Taiwanese labor rights group, Yilan Migrant Fisherman Union revealed shocking photos and video material relating to the death. The images reveal that Supriyanto had been beaten and abused, and was severely underfed and malnourished. He says in the videos that fish hooks were used to cut his head and body, and that the captain and crew beat him regularly. Despite his worsening condition following severe beatings, normal business operations continued aboard the Fu Tzu Chun even in the days following Supriyanto's death, despite claims that the vessel returned to port immediately following the death. They later claimed he died from sickness, in spite of photo and video evidence to the contrary, and Taiwanese authorities failed to properly investigate his death or prosecute responsible parties. ",https://www.scmp.com/magazines/post-magazine/long-reads/article/2025340/death-abuse-exploitation-taiwans-migrant-worker,https://www.greenpeace.org/new-zealand/publication/misery-at-sea/,https://issuu.com/twreporter.org/docs/merged__1_,https://www.taiwannews.com.tw/en/news/3451217,
122,374140000,Shin Ho Chun 102,9262182,,2016-09-08,,24,greenpeace,,https://www.greenpeace.org/new-zealand/publication/misery-at-sea/,,,,
141,440256000,Oyang 77,7416612,,2012-03-01,Withholding of wages,29,lexisnexis,,http://www.lexisnexis.co.nz/en-nz/products/rule-of-law/november-2014-issue/2k1-case-study-trafficking-in-new-zealand-fishing-industry.page,http://www.shipspotting.com/gallery/photo.php?lid=1510820,,,
142,512228000,Dongwon 519 / Dong Wong 519,7416480,,2012-06-01,Physical and sexual violence | Excessive overtime | Abusive working and living conditions | Withholding of wages,30,koreatimes,,http://www.koreatimes.co.kr/www/news/nation/2014/08/116_162229.html,https://amrc.org.hk/content/%E2%80%98slavery%E2%80%99-new-zealand-waters,,,
143,440890000,Dongwon 530  / Dong Wong 530,8317239,,2012-06-01,Physical and sexual violence | Excessive overtime | Abusive working and living conditions | Withholding of wages,30,koreatimes,,http://www.koreatimes.co.kr/www/news/nation/2014/08/116_162229.html,,,,
144,512427000,Dongwon 701 / Dong Wong 701,7114513,,2012-06-01,Physical and sexual violence | Excessive overtime | Abusive working and living conditions | Withholding of wages,30,koreatimes,,http://www.koreatimes.co.kr/www/news/nation/2014/08/116_162229.html,,,,
146,440980000,Pacinui,8319770,DTAN2,2013-06-01,Withholding of wages,31,aquaticcommons,"In 2013 16 crew members left the South Korean trawler, Pacinui, after claiming they were owed unpaid wages. For example one worker was offered NZ$7,000 when in reality he was owed NZ$90,000. They eventually received a financial settlement thanks to an audit by Immigration New Zealand. The workers however were then blacklisted, making it impossible for them to get a good legitimate job on a South Korean vessel.",http://aquaticcommons.org/21610/1/SAM_77_05_Exploited%20Blacklisted%20Destitut.pdf,,,,
147,431101080,Hoshin Maru 77,9020728,,2015-06-01,Withholding of wages,31,aquaticcommons,"Japanese fishing company, Ikeda Suisan Company, was fined NZ$122,252 for failing to pay their Indonesian crew aboard the Hoshin Maru 77 their ocrrect wages. An investigation by the Labour Inspectorate showed that around 5,200 hours were not recorded from April 30 to June 23 of 2015.",http://aquaticcommons.org/21610/1/SAM_77_05_Exploited%20Blacklisted%20Destitut.pdf,,,,
148,273385630,Sur Este 700 / Asgard,8217506,,2013-02-01,Withholding of wages,31,aquaticcommons,Workers aboard the Sur Este 700 received financial compensation due to witholding of wages revealed by Immigration New Zealand's investigation.,http://aquaticcommons.org/21610/1/SAM_77_05_Exploited%20Blacklisted%20Destitut.pdf,http://www.stuff.co.nz/the-press/news/8266324/Fishing-crew-walk-off-ship-in-Timaru,,,
149,441051000,Sur Este 707,8312851,,2013-02-01,Withholding of wages,31,aquaticcommons,"In 2013, 21 crew members left the South Korean trawler Sur Este 707 after claiming unpaid wages. This happened within the same month of the crew from the vessel Pacinui did the same thing. They eventually received a financial settlement thanks to an audit by Immigration New Zealand. The workers however were then blacklisted, making it impossible for them to get a good legitimate job on a South Korean vessel.",http://aquaticcommons.org/21610/1/SAM_77_05_Exploited%20Blacklisted%20Destitut.pdf,http://www.stuff.co.nz/the-press/news/8266324/Fishing-crew-walk-off-ship-in-Timaru,,,
154,416054500,Fuh Sheng No. 11,8749315,,2018-05-01,Isolation | Abusive working and living conditions,33,ejf,"Taiwanese longliner Fuh Sheng No. 11 was detained by South African authorities, the first vessel detained for human rights violations following the passing of ILO Convention No. 188. Reported abuses included beatings from the captain, lack of access to sufficient water or safe food (sometimes infested with insects), illegal contracts with workers, and inhabitable living conditions.",http://www.taipeitimes.com/News/front/archives/2018/07/19/2003696939,https://ejfoundation.org/news-media/2018/action-taken-against-abuse-aboard-taiwanese-vessel-after-ejf-investigation,https://www.documentcloud.org/documents/2509742-second-draft-document-reader.html,https://www.marinetraffic.com/en/ais/details/ships/shipid:900054/mmsi:-8749315/imo:8749315/vessel:FUH_SHENG_NO_11,https://international.thenewslens.com/feature/highseas/111867
155,440046000,Oryong 501,6412580,,2014-12-01,Abusive working and living conditions,34,iom,"More than 50 fisherman were reported missing at sea and presumed dead after the South Korean trawler Oryong 501 sank off the coast of Russia. A survivor recounts panic and poor decisions on the part of the captain that led to the ship sinking, and says that they shouldn't have even been on the water given the conditions but the captain insisted they continue to work.",https://issuu.com/apilkorea/docs/tied_at_sea_english,,,,
156,440801000,Sojin 101,8716057,,2015-06-01,Abusive working and living conditions | Physical and sexual violence,34,iom,"A fisherman aboard the Korean fishing vessel Sojin 101 asked the captain to bring him to port because of illness (Pericarditis). The captain refused to do so for over a month, alleging that he was faking illness, and frequently beat the worker who later died. Filipino fishermen on board protested against captain when they returned to port. Autopsy revealed 3 liters of pus in the pericardium. ",https://issuu.com/apilkorea/docs/tied_at_sea_english,,,,
158,231073000,Anita,8510817,,2014-02-01,Excessive overtime | Deception | Abusive working and living conditions | Witholding of wages,36,studenttheses,"An Indonesia fisherman aboard the Faroese trawler Anita was entagled in a net and drowned. The captain looked for him for 2 days, then continued fishing. A documentary was made in which they show Indonesians working between 12-18 months on board (without any vacation time), extensive hours every day, for very low wages (US600 per month, about 8 times less than a local faroese would get paid under same conditions). ",http://studenttheses.cbs.dk/bitstream/handle/10417/5849/Marita_Joensen.pdf?sequence=1,,,,
159,621000002,Alwesam 1 / Chainavee 54,,,2017-04-01,"Forced labor, Deception | Abusive working and living conditions",37,fishiafrica,,http://ianurbina.com/content/images/2018/08/al_wesam_3.0.pdf,http://www.iotc.org/sites/default/files/documents/2018/03/Dossier_for_FVs_Draft_IUU_Vessels_ListaE.pdf,https://fish-i-africa.org/22-thai-crewmembers-await-repatriation-from-thai-owned-somali-seven-fishing-vessels/,,
160,621000001,Alwesam 2 / Chainavee 55,,,2017-04-01,"Forced labor, Deception | Abusive working and living conditions",37,fishiafrica,,http://ianurbina.com/content/images/2018/08/al_wesam_3.0.pdf,http://www.iotc.org/sites/default/files/documents/2018/03/Dossier_for_FVs_Draft_IUU_Vessels_ListaE.pdf,https://fish-i-africa.org/22-thai-crewmembers-await-repatriation-from-thai-owned-somali-seven-fishing-vessels/,,
161,621000003,Alwesam 4 / Chaichanachoke 8,,,2017-04-01,"Forced labor, Deception | Abusive working and living conditions",37,fishiafrica,,http://ianurbina.com/content/images/2018/08/al_wesam_3.0.pdf,http://www.iotc.org/sites/default/files/documents/2018/03/Dossier_for_FVs_Draft_IUU_Vessels_ListaE.pdf,https://fish-i-africa.org/22-thai-crewmembers-await-repatriation-from-thai-owned-somali-seven-fishing-vessels/,,
162,621000000,Alwesam 5 / Supphermnavee 21,,,2017-04-01,"Forced labor, Deception | Abusive working and living conditions",37,fishiafrica,,http://ianurbina.com/content/images/2018/08/al_wesam_3.0.pdf,http://www.iotc.org/sites/default/files/documents/2018/03/Dossier_for_FVs_Draft_IUU_Vessels_ListaE.pdf,https://fish-i-africa.org/22-thai-crewmembers-await-repatriation-from-thai-owned-somali-seven-fishing-vessels/,,
168,567011500,Silver Sea Line 2,7727114,,2015-05-01,,40,finance,,https://finance.detik.com/berita-ekonomi-bisnis/d-2877177/perusahaan-pelaku-perbudakan-punya-101-kapal-9-kapal-berukuran-jumbo,,,,
172,416004553,Gilontas No.353,8668810,,2017-07-02,Physical and sexual violence,44,humanrightsatsea,"Fijian crewman Fesaitu (Itu) Riamkau was killed aboard Taiwanese tuna longliner Gilontas No. 353. Initially, when sharing the news with Itu's family, the vessel's agent claimed that he got drunk, fell overboard and drowned. However character witnesses claim Itu was a kind, reliable, sober and experienced fisherman who was highly unlikely to have fallen overboard. After a month of debate, his body was finally sent home to his family who made note of his bruising and abused appearance. They believe he was beaten to death.",https://www.humanrightsatsea.org/wp-content/uploads/2019/01/HRAS_Case_Study_Fiji_Killing_of_Fesaitu_Raimkau_Jan_19-SECURED.pdf,,,,
173,273382320,Chokyu Maru No. 78,8504545,,2013-08-26,Restriction of movement | Physical and sexual violence,45,marine-connector,"A crew member died while locked up aboard the Japanese longliner Chokyu Maru No. 78. He was being guarded by two other crew members and locked in a shower. Reports conflict as to the reason for his being locked up - official documents claim he was being violent, but other reports ",http://maritime-connector.com/news/security-and-piracy/man-dies-in-ship-lock-up/,https://www.aissat.com/crew-member-dies-locked-on-his-ship/,,,
174,412440029,Fu Yuan Yu 557,8820509,,2015-08-20,Abusive working and living conditions | Physical and sexual violence,46,aurelius value,"Not many details are provided as you need a membership to access articles from the Fiji Times, but a murder case was opened after a fisherman's body was ""rescued"" from the Chinese longliner Fu Yuan Yu 557.",http://www.aureliusvalue.com/research/pingtan-marine-fraud-finances-human-trafficking-poaching/,,,,
176,412329687,Lu Qing Yuan Yu 206,9729697,,2017-08-12,Abusive working and living conditions | Physical and sexual violence,48,abante,"This article was translated, so some caution should be taken in interpretation. Two Fijian fisherman were rescued by the Phillipine embassy in Buenos Aires, August 2017, after being abused on the Chinese fishing vessel Lu Qing Yuan Yu 206.",https://www.abante.com.ph/2-inabusong-pinoy-seafarers-nasagip.htm,,,,
179,440652000,Tong Young No.808,8614352,,2014-12-31,Abusive working and living conditions,50,FIS,There is only a vague allusion to labour abuse aboard the Korean vessel Tong Young No.808.,https://www.fis.com/fis/worldnews/worldnews.asp?monthyear=&day=7&id=82827&l=e&special=0&ndb=0,,,,
188,416243500,WEN PENG / DAR LONG CHENG 378 / FU KUO NO.8,9726657,BH3411,2019-02-20,Physical and sexual violence,56,maritimeexecutive,"According to Taiwan’s Fisheries Agency, a fight broke out aboard the Chinese fishing vessel Wen Peng about 900 nautical miles off the south coast of Sri Lanka. The conflict was between fishermen and the boat’s chief officer who allegedly killed one Filipino and one Indonesian crew member. Six other foreign crew members were reportedly forced to jump into the sea and were never found, are presumed dead.",https://www.maritime-executive.com/editorials/the-danger-to-taiwan-s-high-seas-fishermen,,,,
193,416180800,Fu Mao No. 268,9395812,BI2594,2018-01-27,Abusive working and living conditions | Withholding of wages,58,C4ADS,,https://static1.squarespace.com/static/566ef8b4d8af107232d5358a/t/5d7022301845f300016ee532/1567629912450/Strings+Attached.pdf,https://perma.cc/3SA7-UG73,,,
7,NA,Phokasathaporn 26,,,2015-07-01,Debt bondage,3,ejf,,https://ejfoundation.org/resources/downloads/EJF-Thailand-Seafood-Slaves-low-res.pdf,,,,
8,NA,Phokasathaporn 20,,,2015-07-21,Physical and sexual violence | Debt bondage,3,ejf,,https://ejfoundation.org/resources/downloads/EJF-Thailand-Seafood-Slaves-low-res.pdf,,,,
9,NA,Duwong Pramong 5,,,2015-07-21,Intimidation and threats | Debt bondage | Physical and sexual violence,3,ejf,,https://ejfoundation.org/resources/downloads/EJF-Thailand-Seafood-Slaves-low-res.pdf,,,,
10,NA,Phokasathaporn 34,,,2015-05-01,Physical and sexual violence | Debt bondage,3,ejf,,https://ejfoundation.org/resources/downloads/EJF-Thailand-Seafood-Slaves-low-res.pdf,,,,
11,NA,Wor Sapmongkon 2,,,2015-07-21,,3,ejf,,https://ejfoundation.org/resources/downloads/EJF-Thailand-Seafood-Slaves-low-res.pdf,,,,
12,NA,Thanomchon 2,,,2015-07-21,Physical and sexual violence | Debt bondage,3,ejf,,https://ejfoundation.org/resources/downloads/EJF-Thailand-Seafood-Slaves-low-res.pdf,,,,
13,NA,Thanomchon 15,,,2015-07-21,Physical and sexual violence | Debt bondage,3,ejf,,https://ejfoundation.org/resources/downloads/EJF-Thailand-Seafood-Slaves-low-res.pdf,,,,
14,NA,Phokasathaporn 23,,,2015-07-21,Physical and sexual violence | Forced labor ,3,ejf,,https://ejfoundation.org/resources/downloads/EJF-Thailand-Seafood-Slaves-low-res.pdf,,,,
15,NA,Phokasathaporn 35,,,2015-07-21,Physical and sexual violence | Forced labor,3,ejf,,https://ejfoundation.org/resources/downloads/EJF-Thailand-Seafood-Slaves-low-res.pdf,,,,
16,416167600,Hung Yu 212,9178252,,2011-04-01,Physical and sexual violence | Intimidation and threats | Excesive overtime,4,greenpeace,,https://www.nytimes.com/2015/11/09/world/asia/philippines-fishing-ships-illegal-manning-agencies.html,http://twc2.org.sg/2014/09/25/singaporean-ship-manning-agent-accused-in-filipino-court-of-trafficking-in-persons/,https://www.greenpeace.org/archive-international/Global/international/publications/oceans/2016/Taiwan-Tuna-Rpt-2016.pdf,,
19,NA,Mahatan Arujaya 12,,,2015-05-01,Withholding of wages | Deception | Physical and sexual violence,6,greenpeace,,http://www.greenpeace.org/usa/wp-content/uploads/2015/11/Supply-chained.pdf?a1481f,,,,
20,NA,Arumina Pusaka 718,,,2015-03-01,"Withholding of wages | Physical and sexual violence | Excessive overtime, ",6,greenpeace,,http://www.greenpeace.org/usa/wp-content/uploads/2015/11/Supply-chained.pdf?a1481f,,,,
25,NA,Chainavee 12 ,,,2015-03-01,,5,greenpeace,,http://www.greenpeace.org/seasia/PageFiles/745330/Turn-The-Tide.pdf,,,,
26,377400151,Chainavee 24,8721959,,2015-07-01,,5,greenpeace,,http://www.greenpeace.org/seasia/PageFiles/745330/Turn-The-Tide.pdf,,,,
27,460002888,Sor Somboon 19,8981450,,2016-01-01,Abusive working and living conditions,NA,greenpeace,,http://www.greenpeace.org/seasia/PageFiles/745330/Turn-The-Tide.pdf,https://modernfarmer.com/2018/01/can-satellite-surveillance-help-end-slavery-seafood-industry/,,,
28,NA,Phokasathaporn 12 ,,,2012-08-12,Physical and sexual violence,3,greenpeace,,https://ejfoundation.org/resources/downloads/EJF-Thailand-Seafood-Slaves-low-res.pdf,,,,
29,NA,Phokasathaporn 29,,,2015-07-01,Physical and sexual violence,3,greenpeace,,https://ejfoundation.org/resources/downloads/EJF-Thailand-Seafood-Slaves-low-res.pdf,,,,
30,NA,Phokasathaporn 19 / Poka Sathaporn 19,,,2015-08-01,Debt bondage | Forced labor,NA,,,,,,,
31,NA,Phokasathaporn 6,,,2015-10-01,Abusive working and living conditions,3,ejf,,https://ejfoundation.org/resources/downloads/EJF-Thailand-Seafood-Slaves-low-res.pdf,,,,
32,NA,Wannit Pramong / Wanich Pramong,,,2015-10-01,Abusive working and living conditions.,3,greenpeace,,https://ejfoundation.org/resources/downloads/EJF-Thailand-Seafood-Slaves-low-res.pdf,,,,
33,550004041,Sor Sapsingtai 20 / sapsingthai / supsingthai,,,2016-01-01,Abusive working and living conditions,5,greenpeace,,http://www.greenpeace.org/seasia/PageFiles/745330/Turn-The-Tide.pdf,,,,
34,550000673,Kor Navamongkolchai 1,,,2016-01-01,Physical and sexual violence | Restriction of movement,5,greenpeace,,http://www.greenpeace.org/seasia/PageFiles/745330/Turn-The-Tide.pdf,https://modernfarmer.com/2018/01/can-satellite-surveillance-help-end-slavery-seafood-industry/,,,
35,550000681,Kor Navamongkolchai 8,,,2016-01-01,Physical and sexual violence | Restriction of movement,5,greenpeace,,http://www.greenpeace.org/seasia/PageFiles/745330/Turn-The-Tide.pdf,https://modernfarmer.com/2018/01/can-satellite-surveillance-help-end-slavery-seafood-industry/,,,
36,560000772,Kor Nava 19,,,2016-01-01,,5,greenpeace,,http://www.greenpeace.org/seasia/PageFiles/745330/Turn-The-Tide.pdf,,,,
37,NA,Antasena 331,,,2015-05-01,,5,greenpeace,,http://www.greenpeace.org/seasia/PageFiles/745330/Turn-The-Tide.pdf,,,,
38,NA,Mabiru 98 / Pornpohroensap 740,,,2015-05-01,,5,greenpeace,,http://www.greenpeace.org/seasia/PageFiles/745330/Turn-The-Tide.pdf,,,,
49,NA,Mega Reefer,,,2015-09-01,,5,greenpeace,,http://www.greenpeace.org/seasia/PageFiles/745330/Turn-The-Tide.pdf,https://modernfarmer.com/2018/01/can-satellite-surveillance-help-end-slavery-seafood-industry/,,,
54,525010170,Sumber Sukses Utama,7905027,,2015-04-01,,5,greenpeace,,http://www.greenpeace.org/seasia/PageFiles/745330/Turn-The-Tide.pdf,https://modernfarmer.com/2018/01/can-satellite-surveillance-help-end-slavery-seafood-industry/,,,
59,NA,Prantalay 11,,,2011-01-01,,5,greenpeace,,http://www.greenpeace.org/seasia/PageFiles/745330/Turn-The-Tide.pdf,,,,
60,NA,Prantalay 12,,,2011-01-01,,5,greenpeace,,http://www.greenpeace.org/seasia/PageFiles/745330/Turn-The-Tide.pdf,,,,
61,NA,Prantalay 14,,,2011-01-01,,5,greenpeace,,http://www.greenpeace.org/seasia/PageFiles/745330/Turn-The-Tide.pdf,,,,
62,NA,Ruang Larp 8,,,2015-05-01,,5,greenpeace,,http://www.greenpeace.org/seasia/PageFiles/745330/Turn-The-Tide.pdf,,,,
63,450900173,Ruang Larp 2,,,2015-05-01,,5,greenpeace,,http://www.greenpeace.org/seasia/PageFiles/745330/Turn-The-Tide.pdf,,,,
64,450900181,Ruang Larp 3,,,2015-05-01,,5,greenpeace,,http://www.greenpeace.org/seasia/PageFiles/745330/Turn-The-Tide.pdf,,,,
65,480003545,Ruang Larp 9,,,2015-05-01,,5,greenpeace,,http://www.greenpeace.org/seasia/PageFiles/745330/Turn-The-Tide.pdf,,,,
66,480003587,Ruang Larp 10,,,2015-05-01,,5,greenpeace,,http://www.greenpeace.org/seasia/PageFiles/745330/Turn-The-Tide.pdf,,,,
67,NA,Century 4,,,2014-12-01,,5,greenpeace,,http://www.greenpeace.org/seasia/PageFiles/745330/Turn-The-Tide.pdf,,,,
68,NA,Century 7,,,2014-12-01,,5,greenpeace,,http://www.greenpeace.org/seasia/PageFiles/745330/Turn-The-Tide.pdf,,,,
69,397400016,Supphermnavee 2,,,2016-01-01,Abusive working and living conditions | Debt bondage | Withholding of wages,5,greenpeace,,http://www.greenpeace.org/seasia/PageFiles/745330/Turn-The-Tide.pdf,,,,
70,530002540,Supphermnavee 48,,,2016-01-01,Abusive working and living conditions | Debt bondage | Withholding of wages,5,greenpeace,,http://www.greenpeace.org/seasia/PageFiles/745330/Turn-The-Tide.pdf,,,,
71,327402501,Chainavee 17,,,2016-01-01,Abusive working and living conditions | Debt bondage | Withholding of wages,5,greenpeace,,http://www.greenpeace.org/seasia/PageFiles/745330/Turn-The-Tide.pdf,,,,
73,NA,Apsari-3,7051204,,2010-01-01,Abusive working and living conditions,8,ejf,,https://ejfoundation.org//resources/downloads/report-all-at-sea_0_1.pdf,,,,
74,627127000,Lian Run 14,,,2010-01-01,Abusive working and living conditions | Retention of identity documents,8,ejf,,https://ejfoundation.org//resources/downloads/report-all-at-sea_0_1.pdf,,,,
75,NA,Luanda 11,7231658,,2008-05-01,,8,ejf,,https://ejfoundation.org//resources/downloads/report-all-at-sea_0_1.pdf,,,,
76,NA,Seta 70 ,9249001,,2008-05-01,,8,ejf,,https://ejfoundation.org//resources/downloads/report-all-at-sea_0_1.pdf,,,,
77,NA,Hai Feng 827,7379383,,2010-01-01,Abusive working and living conditions,8,ejf,,https://ejfoundation.org//resources/downloads/report-all-at-sea_0_1.pdf,,,,
78,NA,See god II,9099676,,2010-01-01,Abusive working and living conditions,8,ejf,,https://ejfoundation.org//resources/downloads/report-all-at-sea_0_1.pdf,,,,
80,NA,Min Yu 701,,,2009-11-01,Abusive working and living conditions,8,ejf,,https://ejfoundation.org//resources/downloads/report-all-at-sea_0_1.pdf,,,,
81,NA,Abundant 1 / Yi Hong 06,,,2016-11-01,Abusive working and living conditions | Withholding of wages,9,iuuwatch,,http://www.mfa.go.th/main/en/news3/6886/86734-Thailand-prosecuted-7-Stateless-Fishing-Vessels.html,http://www.iuuwatch.eu/2016/11/navy-seizes-suspected-iuu-fishing-boats-phuket/,http://law.coa.gov.tw/GLRSnewsout/Download.ashx?FileID=11257,http://iuu-vessels.org/Vessel/GetVessel/de465d79-024d-4a11-a279-1696eba6ea40,https://www.thephuketnews.com/navy-seizes-suspected-iuu-fishing-boats-in-phuket-60050.php#aGTAcywL6e0GUOQo.97
82,416202800,"Abundant 3 / Yi Hong 16, / Sheng Feng No. 12",,BK6427,2016-11-01,Abusive working and living conditions | Withholding of wages,9,iuuwatch,"Seven pelagic longeline tuna fishing vessels, including Abundant 3 (aka Yi Hong 16 and Sheng Feng No. 12) were prosecuted from December 2017 through Feruary 2018 for falsification of Port-in Port-out documents, fradulent reports to the port authority, employing fishing crews without work permits, and human trafficking of 15 inidividuals (9 Indonesian and 6 Filipino). The recruitment agent responsible was also arrested and prosecuted. The vessels claimed to be registered in Bolivia, but when calls were made to confirm this, no such records were found.",http://www.mfa.go.th/main/en/news3/6886/86734-Thailand-prosecuted-7-Stateless-Fishing-Vessels.html,http://www.iuuwatch.eu/2016/11/navy-seizes-suspected-iuu-fishing-boats-phuket/,http://law.coa.gov.tw/GLRSnewsout/Download.ashx?FileID=11257,https://www.thephuketnews.com/navy-seizes-suspected-iuu-fishing-boats-in-phuket-60050.php#aGTAcywL6e0GUOQo.97,
83,NA,Abundant 6 / Yi Hong 86,,,2016-11-01,Abusive working and living conditions | Withholding of wages,9,iuuwatch,,http://www.mfa.go.th/main/en/news3/6886/86734-Thailand-prosecuted-7-Stateless-Fishing-Vessels.html,http://www.iuuwatch.eu/2016/11/navy-seizes-suspected-iuu-fishing-boats-phuket/,http://law.coa.gov.tw/GLRSnewsout/Download.ashx?FileID=11257,https://www.thephuketnews.com/navy-seizes-suspected-iuu-fishing-boats-in-phuket-60050.php#aGTAcywL6e0GUOQo.97,
84,NA,Abundant 9 / Yi Hong 116,,,2016-11-01,Abusive working and living conditions | Withholding of wages,9,iuuwatch,,http://www.mfa.go.th/main/en/news3/6886/86734-Thailand-prosecuted-7-Stateless-Fishing-Vessels.html,http://www.iuuwatch.eu/2016/11/navy-seizes-suspected-iuu-fishing-boats-phuket/,http://law.coa.gov.tw/GLRSnewsout/Download.ashx?FileID=11257,https://www.thephuketnews.com/navy-seizes-suspected-iuu-fishing-boats-in-phuket-60050.php#aGTAcywL6e0GUOQo.97,
85,NA,Abundant 12 / Yi Hong 106,,,2016-11-01,Abusive working and living conditions | Withholding of wages,9,iuuwatch,,http://www.mfa.go.th/main/en/news3/6886/86734-Thailand-prosecuted-7-Stateless-Fishing-Vessels.html,http://www.iuuwatch.eu/2016/11/navy-seizes-suspected-iuu-fishing-boats-phuket/,https://www.thephuketnews.com/navy-seizes-suspected-iuu-fishing-boats-in-phuket-60050.php#aGTAcywL6e0GUOQo.97,,
86,NA,Yutuna No. 13,,,2016-11-01,Abusive working and living conditions | Withholding of wages,9,iuuwatch,,http://www.mfa.go.th/main/en/news3/6886/86734-Thailand-prosecuted-7-Stateless-Fishing-Vessels.html,http://www.iuuwatch.eu/2016/11/navy-seizes-suspected-iuu-fishing-boats-phuket/,https://www.thephuketnews.com/navy-seizes-suspected-iuu-fishing-boats-in-phuket-60050.php#aGTAcywL6e0GUOQo.97,,
87,NA,Yutuna No. 1,,,2016-11-01,,9,iuuwatch,,http://www.iuuwatch.eu/2016/11/navy-seizes-suspected-iuu-fishing-boats-phuket/,https://www.thephuketnews.com/navy-seizes-suspected-iuu-fishing-boats-in-phuket-60050.php#aGTAcywL6e0GUOQo.97,,,
88,NA,Yutuna No 3,,,2016-11-01,,9,iuuwatch,,http://www.iuuwatch.eu/2016/11/navy-seizes-suspected-iuu-fishing-boats-phuket/,https://www.thephuketnews.com/navy-seizes-suspected-iuu-fishing-boats-in-phuket-60050.php#aGTAcywL6e0GUOQo.97,,,
89,416002174,Shun Lai / Shin Yua Fu No. 111 / Hsin Yu Fu No 111 / Lestari Abadi 1,,,2016-11-01,Abusive working and living conditions | Isolation | Restriction of movement,9,iuuwatch,,http://www.mfa.go.th/main/en/news3/6886/86734-Thailand-prosecuted-7-Stateless-Fishing-Vessels.html,http://www.iuuwatch.eu/2016/11/navy-seizes-suspected-iuu-fishing-boats-phuket/,https://www.thephuketnews.com/navy-seizes-suspected-iuu-fishing-boats-in-phuket-60050.php#aGTAcywL6e0GUOQo.97,,
90,416003928,Sheng Ji Qun 3 / Sheng Ji Cyun No3,,,2016-11-01,Abusive working and living conditions | Isolation | Restriction of movement,9,iuuwatch,,http://www.mfa.go.th/main/en/news3/6886/86734-Thailand-prosecuted-7-Stateless-Fishing-Vessels.html,http://www.iuuwatch.eu/2016/11/navy-seizes-suspected-iuu-fishing-boats-phuket/,,,
95,457712000,FV. Viking,8713392,,2016-02-26,,12,iom,,https://www.iom.int/sites/default/files/country/docs/indonesia/Human-Trafficking-Forced-Labour-and-Fisheries-Crime-in-the-Indonesian-Fishing-Industry-IOM.pdf,,,,
96,NA,FV Jiin Horng No. 106 / No. 2 Choyu,8429991,,2016-02-01,,12,iom,,https://www.iom.int/sites/default/files/country/docs/indonesia/Human-Trafficking-Forced-Labour-and-Fisheries-Crime-in-the-Indonesian-Fishing-Industry-IOM.pdf,https://stopillegalfishing.com/wp-content/uploads/2017/03/Illegal-Fishing-Evidence-and-Analysis-WEB.pdf,,,
98,NA,MV Golden Wave,,,2011-02-01,,13,reuters,,https://uk.reuters.com/article/somalia-piracy-testimony/somali-pirates-use-captive-crew-to-attack-vessels-hostage-idUKLDE71E1P820110215,,,,
101,533000000,Buah Naga 1,,,2018-02-16,Abusive working and living conditions | Intimidation and threats,14,stopillegalfishing,,https://stopillegalfishing.com/news-articles/crew-exploitation-uncovered-western-indian-ocean-fishing-fleet/,,,,
103,NA,Marcia 707,7205336,,2011-04-20,Abusive working and living conditons,16,ejf,,https://www.theguardian.com/environment/gallery/2012/oct/11/illegal-fishing-sierra-leone-in-pictures,https://ejfoundation.org/news-media/2011/fish-worth-4m-seized-in-eu-crackdown-on-illegal-fishing,,,
104,NA,Samudera Pasific No. 8,7921162,,2013-11-01,Abusive working and living conditions | Withholding of wages,17,fishiafrica,,https://fish-i-africa.org/fugitives-from-justice-the-samudera-pasific-no-8-and-berkat-menjala-no-23/,https://www.undercurrentnews.com/2014/01/29/south-africa-detains-tuna-vessels-over-slave-labor/,,,
105,NA,Berkat Menjala  No. 23,8510271,,2013-11-01,Abusive working and living conditions | Withholding of wages,17,fishiafrica,,https://fish-i-africa.org/fugitives-from-justice-the-samudera-pasific-no-8-and-berkat-menjala-no-23/,https://www.undercurrentnews.com/2014/01/29/south-africa-detains-tuna-vessels-over-slave-labor/,,,
106,518100022,Melilla 201,7338559,,2011-10-01,Withholding of wages | Abusive working and living conditions,18,citeseerx,,https://www.odt.co.nz/business/korean-trawler-seized-creditor,https://www.pri.org/stories/2012-02-28/slaves-sea-investigation-foreign-chartered-commercial-fishing-vessels-new-zealand,https://books.google.com/books?id=ij8dBQAAQBAJ&pg=PA88&lpg=PA88&dq=indah+megah+sari+forced+labor&source=bl&ots=ByZtkS6nDj&sig=FEcJrIeYryaC2qPIEtj6tm3aayY&hl=en&sa=X&ved=0ahUKEwic243Ir6TcAhUIj1QKHQj8ADAQ6AEIQTAH#v=onepage&q=melilla&f=false,http://citeseerx.ist.psu.edu/viewdoc/download?doi=10.1.1.863.6938&rep=rep1&type=pdf,
108,NA,Bahari Nusantara,,,2014-01-01,Abusive working and living conditions | Withholding of wages,19,stopillegalfishing,,https://www.undercurrentnews.com/2014/01/29/south-africa-detains-tuna-vessels-over-slave-labor/,,,,
109,645437000,Bahari Nusantara No. 83 / Conlan James,,,2014-01-01,Abusive working and living conditions | Withholding of wages,19,stopillegalfishing,,https://www.undercurrentnews.com/2014/01/29/south-africa-detains-tuna-vessels-over-slave-labor/,https://stopillegalfishing.com/trapped-at-sea/,,,
110,NA,Bahari Nusantara No. 19 / Chuan Lian Fa 6,,,2014-01-01,Abusive working and living conditions | Withholding of wages,19,stopillegalfishing,,https://www.undercurrentnews.com/2014/01/29/south-africa-detains-tuna-vessels-over-slave-labor/,https://stopillegalfishing.com/trapped-at-sea/,,,
111,NA,Bahari Nusantara No. 05 / Man Hung Shing,,,2014-01-01,Abusive working and living conditions | Withholding of wages,19,stopillegalfishing,,https://www.undercurrentnews.com/2014/01/29/south-africa-detains-tuna-vessels-over-slave-labor/,https://stopillegalfishing.com/trapped-at-sea/,,,
112,NA,Bahari Nusantara No. 26,,,2014-01-01,Abusive working and living conditions | Withholding of wages,19,stopillegalfishing,,https://www.undercurrentnews.com/2014/01/29/south-africa-detains-tuna-vessels-over-slave-labor/,https://stopillegalfishing.com/trapped-at-sea/,,,
113,NA,Bintang Sumudra No. 11,,,2014-01-01,Abusive working and living conditions | Withholding of wages,19,stopillegalfishing,,https://www.undercurrentnews.com/2014/01/29/south-africa-detains-tuna-vessels-over-slave-labor/,https://stopillegalfishing.com/trapped-at-sea/,,,
114,NA,Sumudar Gilontas No 231,,,2014-01-01,Abusive working and living conditions | Withholding of wages,19,stopillegalfishing,,https://www.undercurrentnews.com/2014/01/29/south-africa-detains-tuna-vessels-over-slave-labor/,https://stopillegalfishing.com/trapped-at-sea/,,,
115,NA,Mahklta Abadi,,,2014-01-01,Abusive working and living conditions | Withholding of wages,19,stopillegalfishing,,https://www.undercurrentnews.com/2014/01/29/south-africa-detains-tuna-vessels-over-slave-labor/,https://stopillegalfishing.com/trapped-at-sea/,,,
119,NA,Lucky Star / Golden Wave 305 / Chance 101 / Precious Diamond / Keummi 305 / Geummi 305,,,2014-05-01,,21,fishiafrica,,https://panorama.solutions/sites/default/files/FISH-i_Africa_-_Issues_Investigations_and_Impacts_report.pdf,,,,
120,416530000,Chun I No. 217,8748842,,2012-08-01,,22,greenpeace,,https://www.greenpeace.org/archive-international/Global/international/publications/oceans/2016/Taiwan-Tuna-Rpt-2016.pdf,http://ianurbina.com/content/images/2015/11/docreader_urbina_outlawocean.pdf,,,
121,NA,Ping Chieh No. 101 / Ping Shin No. 101,8746947,,2012-08-01,,23,greenpeace,,https://www.greenpeace.org/archive-international/Global/international/publications/oceans/2016/Taiwan-Tuna-Rpt-2016.pdf,http://ianurbina.com/content/images/2015/11/docreader_urbina_outlawocean.pdf,,,
123,441597000,Shin Ji / Shinge / King Fook 88,,,2011-05-01,Physical and sexual violence | Withholding of wages,25,researchspace,,https://www.sciencedirect.com/science/article/pii/S0308597X14001432?via%3Dihub,,,,
124,NA,Oyang 70,7238852,,2010-08-18,Abusive working and living conditions,26,citeseerx,,http://citeseerx.ist.psu.edu/viewdoc/download?doi=10.1.1.863.6938&rep=rep1&type=pdf,http://www.lexisnexis.co.nz/en-nz/products/rule-of-law/november-2014-issue/2k1-case-study-trafficking-in-new-zealand-fishing-industry.page,,,
125,441769000,Oyang 75,8801175,,2011-06-01,Abusive working and living conditions | Physical and sexual violence | Withholding of wages,26,citeseerx,,http://citeseerx.ist.psu.edu/viewdoc/download?doi=10.1.1.863.6938&rep=rep1&type=pdf,http://www.lexisnexis.co.nz/en-nz/products/rule-of-law/november-2014-issue/2k1-case-study-trafficking-in-new-zealand-fishing-industry.page,https://issuu.com/apilkorea/docs/tied_at_sea_english,https://www.stuff.co.nz/business/68739974/slavery-on-nz-seas-rape-bonded-labour-and-abuse-widespread-on-fishing-boats,
126,NA,Rich 5,,,2012-08-01,Abusive working and living conditions | Physical and sexual violence | Excessive working hours/Restricted freedom of movement/Retention of identity documents,12,iom,,http://twc2.org.sg/wp-content/uploads/2016/10/Diluted-Justice-Oct-2016-FINAL-VERSION.pdf,https://www.iom.int/sites/default/files/country/docs/indonesia/Human-Trafficking-Forced-Labour-and-Fisheries-Crime-in-the-Indonesian-Fishing-Industry-IOM.pdf,,,
127,NA,Fullness 5,,,2012-08-01,Abusive working and living conditions,12,iom,,http://twc2.org.sg/wp-content/uploads/2016/10/Diluted-Justice-Oct-2016-FINAL-VERSION.pdf,https://www.iom.int/sites/default/files/country/docs/indonesia/Human-Trafficking-Forced-Labour-and-Fisheries-Crime-in-the-Indonesian-Fishing-Industry-IOM.pdf,,,
128,NA,Fullness 2,,,2012-08-01,Abusive working and living conditions,12,iom,,http://twc2.org.sg/wp-content/uploads/2016/10/Diluted-Justice-Oct-2016-FINAL-VERSION.pdf,https://www.iom.int/sites/default/files/country/docs/indonesia/Human-Trafficking-Forced-Labour-and-Fisheries-Crime-in-the-Indonesian-Fishing-Industry-IOM.pdf,,,
129,NA,Fullness 6,,,2012-08-01,Abusive working and living conditions,12,iom,,http://twc2.org.sg/wp-content/uploads/2016/10/Diluted-Justice-Oct-2016-FINAL-VERSION.pdf,https://www.iom.int/sites/default/files/country/docs/indonesia/Human-Trafficking-Forced-Labour-and-Fisheries-Crime-in-the-Indonesian-Fishing-Industry-IOM.pdf,,,
130,NA,MV Hwachin No. 112,8662880,,2011-09-01,Physical and sexual violence | Excessive overtime | Intimidation and threats | Withholding of wages,12,iom,,http://twc2.org.sg/wp-content/uploads/2016/10/Diluted-Justice-Oct-2016-FINAL-VERSION.pdf,,,,
131,416146700,Kao Fong 817,8749353,,2012-01-01,Deception | Physical and sexual violence | Excessive overtime,NA,,,https://www.marinetraffic.com/en/ais/details/ships/shipid:3749308/mmsi:416146700/imo:0/vessel:KAO_FONG_NO_817,,,,
132,416895000,Hung Chin No. 212,9108972,,2012-01-01,Deception | Physical and sexual violence | Excessive overtime,NA,,,http://twc2.org.sg/wp-content/uploads/ 2013/01/Troubled_waters_sallie_yea.pdf,http://twc2.org.sg/wp-content/uploads/2013/01/Troubled_waters_sallie_yea.pdf,,,
133,NA,M.V. Jing Lu Yuen 005 / Jinglu Yuan 005,7903562,,2011-10-01,Physical and sexual violence | Excessive overtime,27,,,http://twc2.org.sg/wp-content/uploads/2013/01/Troubled_waters_sallie_yea.pdf,https://www.documentcloud.org/documents/2509742-second-draft-document-reader.html,,,
134,416037900,Kao Feng 101,8749420,,2012-01-01,Deception,NA,marinetraffic,,https://www.marinetraffic.com/en/ais/details/ships/shipid:4794709/mmsi:416037900/imo:8749420/vessel:KAO_FENG_NO_101,,,,
135,NA,Jilhorn 101,,,2014-09-01,Physical and sexual violence | Excessive overtime.,28,asiaone,,http://www.asiaone.com/spore-man-accused-trafficking-fishermen?nopaging=1,,,,
136,416121700,Wei Ching,9181924,,2012-06-01,Deception,44,cambodiadaily,,https://www.cambodiadaily.com/news/six-taiwanese-human-traffickers-sentenced-to-10-years-each-57729/,,,,
137,NA,Yu Sing ,,,2012-06-01,Deception,44,cambodiadaily,,https://www.cambodiadaily.com/news/six-taiwanese-human-traffickers-sentenced-to-10-years-each-57729/,https://www.bbc.com/news/world-asia-27498048,,,
138,NA,Daiho,,,2012-06-01,Retention of identity documents | Excessive overtime,44,cambodiadaily,,https://www.cambodiadaily.com/news/six-taiwanese-human-traffickers-sentenced-to-10-years-each-57729/,https://www.bbc.com/news/world-asia-27498048,,,
139,416014600,Shin Lung No. 216,8947474,,2012-08-01,Physical and sexual violence | Excessive overtime | Retention of documents,44,cambodiadaily,,https://www.cambodiadaily.com/news/six-taiwanese-human-traffickers-sentenced-to-10-years-each-57729/,https://www.bbc.com/news/world-asia-27498048,"""Report on Giant Ocean"", in Box, Human Rights => Diego:Other => Reports on Forced Labor",,
140,416612000,Shin Yeou 16,8431372,,2012-06-01,Physical and sexual violence | Excessive overtime | Deception,44,cambodiadaily,,https://www.cambodiadaily.com/news/six-taiwanese-human-traffickers-sentenced-to-10-years-each-57729/,https://www.bbc.com/news/world-asia-27498048,,,
145,666050104,Dongwon 522 / GOM 739 / Butiyalo 3,7380277,,2012-06-01,Physical and sexual violence | Excessive overtime | Abusive working and living conditions | Withholding of wages,31,aquaticcommons,,http://aquaticcommons.org/21610/1/SAM_77_05_Exploited%20Blacklisted%20Destitut.pdf,,,,
150,273387130,Sur Este 709 / Yugo Vostock 7,8414465,,2013-02-01,Withholding of wages,31,aquaticcommons,No details about this boat other than the fact that it's owned by the same company as aforementioned vessels (Sur Este 700 amd Sur Este 707) found to be overpaying workers.,http://aquaticcommons.org/21610/1/SAM_77_05_Exploited%20Blacklisted%20Destitut.pdf,http://www.stuff.co.nz/the-press/news/8266324/Fishing-crew-walk-off-ship-in-Timaru,,,
151,NA,Antasena 142,,,2015-05-01,Isolation | Abusive working and living conditions,32,jakartapost,,http://www.thejakartapost.com/news/2015/05/12/seven-arrested-benjina-case.html,,,,
152,NA,Antasena 309,,,2015-05-01,Isolation | Abusive working and living conditions,32,jakartapost,,http://www.thejakartapost.com/news/2015/05/12/seven-arrested-benjina-case.html,,,,
153,NA,Antasena 838,,,2015-05-01,Isolation | Abusive working and living conditions,32,jakartapost,,http://www.thejakartapost.com/news/2015/05/12/seven-arrested-benjina-case.html,,,,
163,NA,Dalny Volstok / Dalniy Vostok / Stende,8730429/5085653,,2015-04-02,Deception,38,mmtimes,,https://www.mmtimes.com/national-news/13883-dozens-dead-in-russian-trawler-disaster.html,https://www.mmtimes.com/national-news/13967-trawler-tragedy-lifts-veil-on-illegal-recruitment.html,,,
164,NA,Choklarp 1,,,2015-08-03,,3,ejf,,https://ejfoundation.org/resources/downloads/EJF-Thailand-Seafood-Slaves-low-res.pdf,,,,
165,NA,Angelino,,,2014-06-25,Abusive working and living conditions,39,mte,,https://mte.jusbrasil.com.br/noticias/125814049/mte-resgata-11-pescadores-na-costa-do-ceara,,,,
166,NA,Adonai G,,,2014-06-25,Abusive working and living conditions,39,mte,,https://mte.jusbrasil.com.br/noticias/125814049/mte-resgata-11-pescadores-na-costa-do-ceara,,,,
170,NA,MV Fa Chun,,,2011-05-01,Physical and sexual violence,42,documentcloud,,https://www.documentcloud.org/documents/2509742-second-draft-document-reader.html,,,,
171,NA,You Zin Xiang No. 66,,,2012-01-01,,43,giantocean,,"""Report on Giant Ocean"", in Box, Human Rights => Diego:Other => Reports on Forced Labor",,,,
175,413456888,Yi Hai 2,,,2015-12-01,Withholding of wages,47,ningbo,Crew members sued Xiangshan MingFu Shipping Co for unpaid wages due to time working Yi Hai 2.,http://www.nbhsfy.cn/ECourt/NeiRead.aspx?id=6825,,,,
177,440668000,Oyang 96,8717154,,2005-12-31,Abusive working and living conditions,49,journal of economic geography,,http://citeseerx.ist.psu.edu/viewdoc/download?doi=10.1.1.863.6938&rep=rep1&type=pdf,,,,
178,224770000,Playa de Pesmar Dos,9306598,,2010-12-31,Abusive working and living conditions,50,FIS,,https://www.fis.com/fis/worldnews/worldnews.asp?monthyear=&day=7&id=82827&l=e&special=0&ndb=0,,,,
181,NA,Katesuwanrat 11,,,2018-01-31,Abusive working and living conditions,52,Ministry of Foreign Affairs Thailand,,https://www.undercurrentnews.com/2018/02/16/thailand-convicts-several-fishermen-for-human-trafficking/,,,,
182,NA,Rosalina Reg,,,2012-10-31,Withholding of wages,44,humanrightsatsea,,https://www.humanrightsatsea.org/wp-content/uploads/2017/12/HRAS-Fisheries-Abuse-Investigative-Report-Dec-2017-SECURED.pdf,,,,
183,NA,Antasena 141,,,2015-12-05,slavery,53,aa,,https://www.aa.com.tr/en/world/2-indonesians-5-thais-arrested-for-fisheries-slavery/48099,,,,
184,NA,Antasena 311,,,2015-12-05,slavery,53,aa,,https://www.aa.com.tr/en/world/2-indonesians-5-thais-arrested-for-fisheries-slavery/48099,,,,
185,NA,Antasena 838,,,2015-12-05,slavery,53,aa,,https://www.aa.com.tr/en/world/2-indonesians-5-thais-arrested-for-fisheries-slavery/48099,,,,
186,NA,Chotechai Navi 55,,,2018-02-28,Abusive working and living conditions,54,thenation,,http://www.nationmultimedia.com/detail/national/30338304,,,,
187,NA,Mabiru 89,,,2013-12-31,,55,tagesanzeiger,,https://www.tagesanzeiger.ch/ausland/asien-und-ozeanien/Sklaven-an-Bord/story/23978672,,,,
